what,kind,bundleId,bundleVersion,description,time
arch,sysinfo,,,"x86",1329427939422
ws,sysinfo,,,"gtk",1329427939422
locale,sysinfo,,,"en_US",1329427939422
processors,sysinfo,,,"2",1329427939422
java.runtime.name,sysinfo,,,"Java(TM) SE Runtime Environment",1329427939422
java.runtime.version,sysinfo,,,"1.6.0_23-b05",1329427939422
java.specification.name,sysinfo,,,"Java Platform API Specification",1329427939422
java.specification.vendor,sysinfo,,,"Sun Microsystems Inc.",1329427939422
java.specification.version,sysinfo,,,"1.6",1329427939422
java.vendor,sysinfo,,,"Sun Microsystems Inc.",1329427939422
java.version,sysinfo,,,"1.6.0_23",1329427939422
java.vm.info,sysinfo,,,"mixed mode",1329427939422
java.vm.name,sysinfo,,,"Java HotSpot(TM) Server VM",1329427939422
java.vm.specification.name,sysinfo,,,"Java Virtual Machine Specification",1329427939422
java.vm.specification.vendor,sysinfo,,,"Sun Microsystems Inc.",1329427939422
java.vm.specification.version,sysinfo,,,"1.0",1329427939422
java.vm.vendor,sysinfo,,,"Sun Microsystems Inc.",1329427939422
java.vm.version,sysinfo,,,"19.0-b09",1329427939422
started,bundle,org.eclipse.update.configurator,3.3.100.v20100512,"org.eclipse.update.configurator",1329427939579
started,bundle,org.eclipse.update.core,3.2.402.R36x_v20100629,"org.eclipse.update.core",1329427939585
started,bundle,com.altera.sbtgui.integration,11.1.0.173,"com.altera.sbtgui.integration",1329427939694
started,bundle,com.altera.systemconsole,11.1.0.173,"com.altera.systemconsole",1329427939712
started,bundle,com.altera.utilities,11.1.0.173,"com.altera.utilities",1329427939760
started,bundle,com.altera.sbtgui.launch,11.1.0.173,"com.altera.sbtgui.launch",1329427940340
activated,view,org.eclipse.ui.navigator.resources,3.4.201.M20100707-0800,"org.eclipse.ui.navigator.ProjectExplorer",1329427941587
started,bundle,com.altera.sbtgui.core,11.1.0.173,"com.altera.sbtgui.core",1329427941695
started,bundle,org.eclipse.compare,3.5.100.I20100526-0800,"org.eclipse.compare",1329427941784
opened,view,org.eclipse.ui.console,3.5.0.v20100526,"org.eclipse.ui.console.ConsoleView",1329427944554
deactivated,workbench,org.eclipse.ui.workbench,3.6.1.M20100826-1330,"",1329427944718
started,bundle,org.eclipse.cdt.dsf.gdb.ui,2.1.0.201009141542,"org.eclipse.cdt.dsf.gdb.ui",1329427944837
started,bundle,org.eclipse.debug.ui,3.6.1.v20100901_r361,"org.eclipse.debug.ui",1329427945020
activated,workbench,org.eclipse.ui.workbench,3.6.1.M20100826-1330,"",1329427952811
started,bundle,org.eclipse.cdt.debug.core,7.0.0.201009141542,"org.eclipse.cdt.debug.core",1329427957328
started,bundle,org.eclipse.cdt.debug.ui,7.0.0.201009141542,"org.eclipse.cdt.debug.ui",1329427957336
started,bundle,org.eclipse.cdt.launch,6.1.0.201009141542,"org.eclipse.cdt.launch",1329427958353
started,bundle,org.eclipse.cdt.dsf,2.1.0.201009141542,"org.eclipse.cdt.dsf",1329427959434
started,bundle,org.eclipse.cdt.dsf.gdb,3.0.0.201009141542,"org.eclipse.cdt.dsf.gdb",1329427959435
opened,view,com.altera.sbtgui.launch,11.1.0.173,"com.altera.sbtgui.launch.hardware.ByteStreamConsoleView",1329427965308
started,bundle,org.eclipse.cdt.debug.mi.ui,6.1.0.201009141542,"org.eclipse.cdt.debug.mi.ui",1329427965629
started,bundle,org.eclipse.cdt.debug.mi.core,7.0.1.201009141542,"org.eclipse.cdt.debug.mi.core",1329427965657
error,log,,,"Failed Executing: [nios2-download, '--cable=USB-Blaster on localhost [5-2]', --device=1, --instance=0, --stop, --accept-bad-sysid, --sidp=Not Found] return code: 8",1329427966836
activated,view,com.altera.sbtgui.launch,11.1.0.173,"com.altera.sbtgui.launch.hardware.ByteStreamConsoleView",1329427969680
deactivated,workbench,org.eclipse.ui.workbench,3.6.1.M20100826-1330,"",1329427987961
activated,workbench,org.eclipse.ui.workbench,3.6.1.M20100826-1330,"",1329428028325
deactivated,workbench,org.eclipse.ui.workbench,3.6.1.M20100826-1330,"",1329428030831
activated,workbench,org.eclipse.ui.workbench,3.6.1.M20100826-1330,"",1329428270856
deactivated,workbench,org.eclipse.ui.workbench,3.6.1.M20100826-1330,"",1329428271898
activated,workbench,org.eclipse.ui.workbench,3.6.1.M20100826-1330,"",1329428437141
activated,editor,org.eclipse.cdt.ui,5.2.1.201009141542,"org.eclipse.cdt.ui.editor.CEditor",1329428440253
deactivated,workbench,org.eclipse.ui.workbench,3.6.1.M20100826-1330,"",1329428443508
activated,workbench,org.eclipse.ui.workbench,3.6.1.M20100826-1330,"",1329428473886
executed,command,org.eclipse.ui.workbench.texteditor,3.6.1.r361_v20100714-0800,"org.eclipse.ui.edit.text.goto.lineStart",1329428513432
executed,command,org.eclipse.ui.workbench.texteditor,3.6.1.r361_v20100714-0800,"org.eclipse.ui.edit.text.goto.lineEnd",1329428516383
executed,command,org.eclipse.ui.workbench.texteditor,3.6.1.r361_v20100714-0800,"org.eclipse.ui.edit.text.goto.lineEnd",1329428519258
executed,command,org.eclipse.ui,3.6.1.M20100826-1330,"org.eclipse.ui.file.save",1329428522174
executed,command,org.eclipse.ui.workbench.texteditor,3.6.1.r361_v20100714-0800,"org.eclipse.ui.edit.text.goto.lineEnd",1329428524593
executed,command,org.eclipse.ui.workbench.texteditor,3.6.1.r361_v20100714-0800,"org.eclipse.ui.edit.text.goto.lineEnd",1329428538064
executed,command,org.eclipse.ui,3.6.1.M20100826-1330,"org.eclipse.ui.file.save",1329428553163
executed,command,org.eclipse.ui,3.6.1.M20100826-1330,"org.eclipse.ui.file.save",1329428562764
executed,command,org.eclipse.ui.workbench.texteditor,3.6.1.r361_v20100714-0800,"org.eclipse.ui.edit.text.goto.lineEnd",1329428563776
executed,command,org.eclipse.ui,3.6.1.M20100826-1330,"org.eclipse.ui.file.save",1329428584648
executed,command,org.eclipse.ui,3.6.1.M20100826-1330,"org.eclipse.ui.file.save",1329428610760
executed,command,org.eclipse.ui,3.6.1.M20100826-1330,"org.eclipse.ui.file.save",1329428641884
activated,view,com.altera.sbtgui.launch,11.1.0.173,"com.altera.sbtgui.launch.hardware.ByteStreamConsoleView",1329428645406
activated,view,org.eclipse.ui.console,3.5.0.v20100526,"org.eclipse.ui.console.ConsoleView",1329428650918
error,log,,,"Failed Executing: [nios2-download, '--cable=USB-Blaster on localhost [5-2]', --device=1, --instance=0, --stop, --accept-bad-sysid, --sidp=Not Found] return code: 8",1329428651833
activated,view,com.altera.sbtgui.launch,11.1.0.173,"com.altera.sbtgui.launch.hardware.ByteStreamConsoleView",1329428654715
deactivated,workbench,org.eclipse.ui.workbench,3.6.1.M20100826-1330,"",1329428684246
activated,workbench,org.eclipse.ui.workbench,3.6.1.M20100826-1330,"",1329428685110
deactivated,workbench,org.eclipse.ui.workbench,3.6.1.M20100826-1330,"",1329428686997
activated,workbench,org.eclipse.ui.workbench,3.6.1.M20100826-1330,"",1329428702872
deactivated,workbench,org.eclipse.ui.workbench,3.6.1.M20100826-1330,"",1329428711919
activated,workbench,org.eclipse.ui.workbench,3.6.1.M20100826-1330,"",1329428841402
started,bundle,org.eclipse.cdt.mylyn.ui,1.1.3.v20100909-0100-e3x,"org.eclipse.cdt.mylyn.ui",1329428843152
closed,workbench,org.eclipse.ui.workbench,3.6.1.M20100826-1330,"",1329428843294
stopped,bundle,org.eclipse.cdt.debug.mi.ui,6.1.0.201009141542,"org.eclipse.cdt.debug.mi.ui",1329428843986
stopped,bundle,com.altera.debug.cdi.gdb.plugin,11.1.0.173,"com.altera.debug.cdi.gdb.plugin",1329428843988
stopped,bundle,com.altera.sbtgui.launch,11.1.0.173,"com.altera.sbtgui.launch",1329428844987
stopped,bundle,org.eclipse.cdt.debug.mi.core,7.0.1.201009141542,"org.eclipse.cdt.debug.mi.core",1329428844987
stopped,bundle,org.eclipse.cdt.debug.ui.memory.memorybrowser,1.2.0.201009141542,"org.eclipse.cdt.debug.ui.memory.memorybrowser",1329428844989
stopped,bundle,org.eclipse.cdt.debug.ui.memory.search,1.2.0.201009141542,"org.eclipse.cdt.debug.ui.memory.search",1329428844991
stopped,bundle,org.eclipse.cdt.dsf.gdb.ui,2.1.0.201009141542,"org.eclipse.cdt.dsf.gdb.ui",1329428844991
stopped,bundle,org.eclipse.cdt.dsf.ui,2.1.1.201009141542,"org.eclipse.cdt.dsf.ui",1329428844994
stopped,bundle,org.eclipse.cdt.gdb.ui,7.0.0.201009141542,"org.eclipse.cdt.gdb.ui",1329428844995
stopped,bundle,org.eclipse.cdt.dsf.gdb,3.0.0.201009141542,"org.eclipse.cdt.dsf.gdb",1329428844995
stopped,bundle,com.altera.sbtgui.ui,11.1.0.173,"com.altera.sbtgui.ui",1329428844996
stopped,bundle,com.altera.sbtgui.project,11.1.0.173,"com.altera.sbtgui.project",1329428844996
stopped,bundle,org.eclipse.cdt.launch,6.1.0.201009141542,"org.eclipse.cdt.launch",1329428844997
stopped,bundle,org.eclipse.cdt.debug.ui,7.0.0.201009141542,"org.eclipse.cdt.debug.ui",1329428844997
stopped,bundle,org.eclipse.cdt.debug.ui.memory.traditional,1.2.0.201009141542,"org.eclipse.cdt.debug.ui.memory.traditional",1329428844998
stopped,bundle,org.eclipse.cdt.dsf,2.1.0.201009141542,"org.eclipse.cdt.dsf",1329428844998
stopped,bundle,org.eclipse.cdt.debug.core,7.0.0.201009141542,"org.eclipse.cdt.debug.core",1329428844998
stopped,bundle,org.eclipse.cdt.managedbuilder.ui,7.0.0.201009141542,"org.eclipse.cdt.managedbuilder.ui",1329428844999
stopped,bundle,org.eclipse.cdt.make.ui,7.0.0.201009141542,"org.eclipse.cdt.make.ui",1329428844999
stopped,bundle,org.eclipse.cdt.managedbuilder.gnu.ui,7.0.0.201009141542,"org.eclipse.cdt.managedbuilder.gnu.ui",1329428845000
stopped,bundle,org.eclipse.cdt.managedbuilder.core,7.0.1.201009141542,"org.eclipse.cdt.managedbuilder.core",1329428845000
stopped,bundle,org.eclipse.cdt.make.core,7.0.0.201009141542,"org.eclipse.cdt.make.core",1329428845000
stopped,bundle,org.eclipse.cdt.mylyn.ui,1.1.3.v20100909-0100-e3x,"org.eclipse.cdt.mylyn.ui",1329428845000
stopped,bundle,com.altera.sbtgui.flash.plugin,11.1.0.173,"com.altera.sbtgui.flash.plugin",1329428845000
stopped,bundle,com.altera.sbtgui.gprof,11.1.0.173,"com.altera.sbtgui.gprof",1329428845001
stopped,bundle,com.altera.sbtgui.core,11.1.0.173,"com.altera.sbtgui.core",1329428845001
stopped,bundle,org.eclipse.cdt.ui,5.2.1.201009141542,"org.eclipse.cdt.ui",1329428845003
stopped,bundle,org.eclipse.cdt.core,5.2.1.201009141542,"org.eclipse.cdt.core",1329428845004
stopped,bundle,org.eclipse.equinox.p2.ui.sdk,1.0.100.v20100513,"org.eclipse.equinox.p2.ui.sdk",1329428845005
stopped,bundle,org.eclipse.search,3.6.0.v20100520-0800,"org.eclipse.search",1329428845011
stopped,bundle,org.eclipse.mylyn.team.ui,3.4.2.v20100909-0100-e3x,"org.eclipse.mylyn.team.ui",1329428845012
stopped,bundle,org.eclipse.ui.navigator.resources,3.4.201.M20100707-0800,"org.eclipse.ui.navigator.resources",1329428845012
stopped,bundle,org.eclipse.ltk.ui.refactoring,3.5.0.v20100526-0800,"org.eclipse.ltk.ui.refactoring",1329428845012
stopped,bundle,org.eclipse.mylyn.bugzilla.ui,3.4.2.v20100909-0100-e3x,"org.eclipse.mylyn.bugzilla.ui",1329428845012
stopped,bundle,org.eclipse.mylyn.ide.ui,3.4.0.v20100608-0100-e3x,"org.eclipse.mylyn.ide.ui",1329428845013
stopped,bundle,org.eclipse.mylyn.resources.ui,3.4.1.v20100909-0100-e3x,"org.eclipse.mylyn.resources.ui",1329428845013
stopped,bundle,org.eclipse.mylyn.wikitext.tasks.ui,1.3.1.v20100823-0100-e3x,"org.eclipse.mylyn.wikitext.tasks.ui",1329428845014
stopped,bundle,org.eclipse.mylyn.context.ui,3.4.1.v20100909-0100-e3x,"org.eclipse.mylyn.context.ui",1329428845014
stopped,bundle,org.eclipse.mylyn.help.ui,3.4.1.v20100823-0100-e3x,"org.eclipse.mylyn.help.ui",1329428845015
stopped,bundle,org.eclipse.mylyn.tasks.bugs,3.4.1.v20100823-0100-e3x,"org.eclipse.mylyn.tasks.bugs",1329428845015
stopped,bundle,org.eclipse.mylyn.tasks.ui,3.4.2.v20100902-0100-e3x,"org.eclipse.mylyn.tasks.ui",1329428845016
stopped,bundle,org.eclipse.team.cvs.ui,3.3.301.R36x_v20100825-0800,"org.eclipse.team.cvs.ui",1329428845016
stopped,bundle,org.eclipse.team.ui,3.5.101.R36x_v20100825-0800,"org.eclipse.team.ui",1329428845016
stopped,bundle,org.eclipse.compare,3.5.100.I20100526-0800,"org.eclipse.compare",1329428845016
stopped,bundle,org.eclipse.cdt.debug.ui.memory.transport,2.1.0.201009141542,"org.eclipse.cdt.debug.ui.memory.transport",1329428845016
stopped,bundle,org.eclipse.ui.externaltools,3.2.0.v20100427,"org.eclipse.ui.externaltools",1329428845017
stopped,bundle,org.eclipse.debug.ui,3.6.1.v20100901_r361,"org.eclipse.debug.ui",1329428845019
activated,perspective,com.altera.sbtgui.ui,,"com.altera.sbtgui.ui.cPerspective",1329429122868
started,bundle,org.eclipse.osgi,3.6.1.R36x_v20100806,"org.eclipse.osgi",1329429122878
started,bundle,org.eclipse.equinox.simpleconfigurator,1.0.200.v20100503,"org.eclipse.equinox.simpleconfigurator",1329429122878
started,bundle,com.ibm.icu,4.2.1.v20100412,"com.ibm.icu",1329429122884
started,bundle,org.eclipse.cdt.core,5.2.1.201009141542,"org.eclipse.cdt.core",1329429122884
started,bundle,org.eclipse.cdt.make.core,7.0.0.201009141542,"org.eclipse.cdt.make.core",1329429122899
started,bundle,org.eclipse.cdt.make.ui,7.0.0.201009141542,"org.eclipse.cdt.make.ui",1329429122900
started,bundle,org.eclipse.cdt.managedbuilder.core,7.0.1.201009141542,"org.eclipse.cdt.managedbuilder.core",1329429122928
started,bundle,org.eclipse.cdt.ui,5.2.1.201009141542,"org.eclipse.cdt.ui",1329429122928
started,bundle,org.eclipse.compare.core,3.5.100.I20100526-0800,"org.eclipse.compare.core",1329429122929
started,bundle,org.eclipse.core.contenttype,3.4.100.v20100505-1235,"org.eclipse.core.contenttype",1329429122930
started,bundle,org.eclipse.core.databinding.observable,1.3.0.I20100601-0800,"org.eclipse.core.databinding.observable",1329429122931
started,bundle,org.eclipse.core.expressions,3.4.200.v20100505,"org.eclipse.core.expressions",1329429122932
started,bundle,org.eclipse.core.filebuffers,3.5.100.v20100520-0800,"org.eclipse.core.filebuffers",1329429122934
started,bundle,org.eclipse.core.filesystem,1.3.1.R36x_v20100727-0745,"org.eclipse.core.filesystem",1329429122935
started,bundle,org.eclipse.core.jobs,3.5.1.R36x_v20100824,"org.eclipse.core.jobs",1329429122935
started,bundle,org.eclipse.core.net,1.2.100.I20100511-0800,"org.eclipse.core.net",1329429122973
started,bundle,org.eclipse.core.resources,3.6.0.R36x_v20100825-0600,"org.eclipse.core.resources",1329429122974
started,bundle,org.eclipse.core.runtime,3.6.0.v20100505,"org.eclipse.core.runtime",1329429122975
started,bundle,org.eclipse.core.runtime.compatibility,3.2.100.v20100505,"org.eclipse.core.runtime.compatibility",1329429122976
started,bundle,org.eclipse.core.runtime.compatibility.auth,3.2.200.v20100517,"org.eclipse.core.runtime.compatibility.auth",1329429122983
started,bundle,org.eclipse.core.variables,3.2.400.v20100505,"org.eclipse.core.variables",1329429122984
started,bundle,org.eclipse.debug.core,3.6.0.v20100519,"org.eclipse.debug.core",1329429122993
started,bundle,org.eclipse.epp.usagedata.gathering,1.3.0.R201005261100,"org.eclipse.epp.usagedata.gathering",1329429122994
started,bundle,org.eclipse.epp.usagedata.recording,1.3.0.R201005261100,"org.eclipse.epp.usagedata.recording",1329429122994
started,bundle,org.eclipse.equinox.app,1.3.1.R36x_v20100803,"org.eclipse.equinox.app",1329429122995
started,bundle,org.eclipse.equinox.common,3.6.0.v20100503,"org.eclipse.equinox.common",1329429122996
started,bundle,org.eclipse.equinox.ds,1.2.1.R36x_v20100803,"org.eclipse.equinox.ds",1329429122997
started,bundle,org.eclipse.equinox.event,1.2.0.v20100503,"org.eclipse.equinox.event",1329429123003
started,bundle,org.eclipse.equinox.p2.core,2.0.2.R36x_v20100804,"org.eclipse.equinox.p2.core",1329429123004
started,bundle,org.eclipse.equinox.p2.directorywatcher,1.0.202.R36x_v20100727,"org.eclipse.equinox.p2.directorywatcher",1329429123010
started,bundle,org.eclipse.equinox.p2.engine,2.0.0.v20100606,"org.eclipse.equinox.p2.engine",1329429123013
started,bundle,org.eclipse.equinox.p2.metadata,2.0.0.v20100601,"org.eclipse.equinox.p2.metadata",1329429123018
started,bundle,org.eclipse.equinox.p2.metadata.repository,1.1.0.v20100513,"org.eclipse.equinox.p2.metadata.repository",1329429123025
started,bundle,org.eclipse.equinox.p2.operations,2.0.0.v20100510,"org.eclipse.equinox.p2.operations",1329429123026
started,bundle,org.eclipse.equinox.p2.reconciler.dropins,1.1.0.v20100525,"org.eclipse.equinox.p2.reconciler.dropins",1329429123027
started,bundle,org.eclipse.equinox.p2.repository,2.0.1.R36x_v20100823,"org.eclipse.equinox.p2.repository",1329429123028
started,bundle,org.eclipse.equinox.p2.ui.sdk.scheduler,1.0.0.v20100507-1815,"org.eclipse.equinox.p2.ui.sdk.scheduler",1329429123033
started,bundle,org.eclipse.equinox.p2.updatechecker,1.1.101.R36x_v20100823,"org.eclipse.equinox.p2.updatechecker",1329429123041
started,bundle,org.eclipse.equinox.preferences,3.3.0.v20100503,"org.eclipse.equinox.preferences",1329429123042
started,bundle,org.eclipse.equinox.registry,3.5.0.v20100503,"org.eclipse.equinox.registry",1329429123043
started,bundle,org.eclipse.equinox.security,1.0.200.v20100503,"org.eclipse.equinox.security",1329429123061
started,bundle,org.eclipse.equinox.util,1.0.200.v20100503,"org.eclipse.equinox.util",1329429123063
started,bundle,org.eclipse.help,3.5.0.v20100524,"org.eclipse.help",1329429123064
started,bundle,org.eclipse.jface,3.6.1.M20100825-0800,"org.eclipse.jface",1329429123072
started,bundle,org.eclipse.jsch.core,1.1.200.I20100505-1245,"org.eclipse.jsch.core",1329429123081
started,bundle,org.eclipse.ltk.core.refactoring,3.5.100.v20100526-0800,"org.eclipse.ltk.core.refactoring",1329429123082
started,bundle,org.eclipse.ltk.ui.refactoring,3.5.0.v20100526-0800,"org.eclipse.ltk.ui.refactoring",1329429123083
started,bundle,org.eclipse.mylyn.bugzilla.core,3.4.2.v20100902-0100-e3x,"org.eclipse.mylyn.bugzilla.core",1329429123090
started,bundle,org.eclipse.mylyn.bugzilla.ui,3.4.2.v20100909-0100-e3x,"org.eclipse.mylyn.bugzilla.ui",1329429123091
started,bundle,org.eclipse.mylyn.commons.net,3.4.1.v20100625-2100-e3x,"org.eclipse.mylyn.commons.net",1329429123091
started,bundle,org.eclipse.mylyn.commons.ui,3.4.0.v20100608-0100-e3x,"org.eclipse.mylyn.commons.ui",1329429123093
started,bundle,org.eclipse.mylyn.context.core,3.4.1.v20100909-0100-e3x,"org.eclipse.mylyn.context.core",1329429123094
started,bundle,org.eclipse.mylyn.monitor.ui,3.4.0.v20100608-0100-e3x,"org.eclipse.mylyn.monitor.ui",1329429123095
started,bundle,org.eclipse.search,3.6.0.v20100520-0800,"org.eclipse.search",1329429123096
started,bundle,org.eclipse.team.core,3.5.100.R36x_v20100825-0800,"org.eclipse.team.core",1329429123097
started,bundle,org.eclipse.team.cvs.core,3.3.300.I20100526-0800,"org.eclipse.team.cvs.core",1329429123119
started,bundle,org.eclipse.team.cvs.ui,3.3.301.R36x_v20100825-0800,"org.eclipse.team.cvs.ui",1329429123124
started,bundle,org.eclipse.team.ui,3.5.101.R36x_v20100825-0800,"org.eclipse.team.ui",1329429123129
started,bundle,org.eclipse.ui,3.6.1.M20100826-1330,"org.eclipse.ui",1329429123131
started,bundle,org.eclipse.ui.console,3.5.0.v20100526,"org.eclipse.ui.console",1329429123157
started,bundle,org.eclipse.ui.editors,3.6.1.r361_v20100825-0800,"org.eclipse.ui.editors",1329429123157
started,bundle,org.eclipse.ui.forms,3.5.2.r36_v20100702,"org.eclipse.ui.forms",1329429123159
started,bundle,org.eclipse.ui.ide,3.6.1.M20100825-0800,"org.eclipse.ui.ide",1329429123161
started,bundle,org.eclipse.ui.navigator,3.5.0.I20100601-0800,"org.eclipse.ui.navigator",1329429123162
started,bundle,org.eclipse.ui.navigator.resources,3.4.201.M20100707-0800,"org.eclipse.ui.navigator.resources",1329429123163
started,bundle,org.eclipse.ui.net,1.2.100.I20100505-1245,"org.eclipse.ui.net",1329429123163
started,bundle,org.eclipse.ui.views,3.5.0.I20100527-0800,"org.eclipse.ui.views",1329429123175
started,bundle,org.eclipse.ui.workbench,3.6.1.M20100826-1330,"org.eclipse.ui.workbench",1329429123176
started,bundle,org.eclipse.ui.workbench.texteditor,3.6.1.r361_v20100714-0800,"org.eclipse.ui.workbench.texteditor",1329429123196
started,bundle,com.altera.sbtgui.project,11.1.0.173,"com.altera.sbtgui.project",1329429123196
os,sysinfo,,,"linux",1329429123200
arch,sysinfo,,,"x86",1329429123200
ws,sysinfo,,,"gtk",1329429123200
locale,sysinfo,,,"en_US",1329429123200
processors,sysinfo,,,"2",1329429123216
java.runtime.name,sysinfo,,,"Java(TM) SE Runtime Environment",1329429123216
java.runtime.version,sysinfo,,,"1.6.0_23-b05",1329429123216
java.specification.name,sysinfo,,,"Java Platform API Specification",1329429123216
java.specification.vendor,sysinfo,,,"Sun Microsystems Inc.",1329429123216
java.specification.version,sysinfo,,,"1.6",1329429123216
java.vendor,sysinfo,,,"Sun Microsystems Inc.",1329429123216
java.version,sysinfo,,,"1.6.0_23",1329429123216
java.vm.info,sysinfo,,,"mixed mode",1329429123216
java.vm.name,sysinfo,,,"Java HotSpot(TM) Server VM",1329429123216
java.vm.specification.name,sysinfo,,,"Java Virtual Machine Specification",1329429123216
java.vm.specification.vendor,sysinfo,,,"Sun Microsystems Inc.",1329429123216
java.vm.specification.version,sysinfo,,,"1.0",1329429123216
java.vm.vendor,sysinfo,,,"Sun Microsystems Inc.",1329429123216
java.vm.version,sysinfo,,,"19.0-b09",1329429123216
started,bundle,org.eclipse.mylyn.tasks.ui,3.4.2.v20100902-0100-e3x,"org.eclipse.mylyn.tasks.ui",1329429123326
started,bundle,org.eclipse.mylyn.team.ui,3.4.2.v20100909-0100-e3x,"org.eclipse.mylyn.team.ui",1329429123335
started,bundle,org.eclipse.update.scheduler,3.2.300.v20100512,"org.eclipse.update.scheduler",1329429123341
started,bundle,org.eclipse.update.configurator,3.3.100.v20100512,"org.eclipse.update.configurator",1329429123456
started,bundle,org.eclipse.update.core,3.2.402.R36x_v20100629,"org.eclipse.update.core",1329429123467
started,bundle,com.altera.sbtgui.integration,11.1.0.173,"com.altera.sbtgui.integration",1329429123595
started,bundle,com.altera.systemconsole,11.1.0.173,"com.altera.systemconsole",1329429123614
started,bundle,com.altera.utilities,11.1.0.173,"com.altera.utilities",1329429123662
started,bundle,com.altera.sbtgui.launch,11.1.0.173,"com.altera.sbtgui.launch",1329429124503
started,bundle,com.altera.sbtgui.core,11.1.0.173,"com.altera.sbtgui.core",1329429127865
executed,command,org.eclipse.ui,3.6.1.M20100826-1330,"org.eclipse.ui.file.save",1329429127954
executed,command,org.eclipse.ui.workbench.texteditor,3.6.1.r361_v20100714-0800,"org.eclipse.ui.edit.text.select.lineStart",1329429150157
executed,command,org.eclipse.ui.workbench.texteditor,3.6.1.r361_v20100714-0800,"org.eclipse.ui.edit.text.select.lineStart",1329429150306
executed,command,org.eclipse.ui,3.6.1.M20100826-1330,"org.eclipse.ui.file.save",1329429154523
executed,command,org.eclipse.ui,3.6.1.M20100826-1330,"org.eclipse.ui.file.save",1329429160852
executed,command,org.eclipse.ui.workbench.texteditor,3.6.1.r361_v20100714-0800,"org.eclipse.ui.edit.text.goto.lineEnd",1329429161657
executed,command,org.eclipse.ui,3.6.1.M20100826-1330,"org.eclipse.ui.file.save",1329429165938
executed,command,org.eclipse.ui.workbench.texteditor,3.6.1.r361_v20100714-0800,"org.eclipse.ui.edit.text.goto.lineEnd",1329429167318
executed,command,org.eclipse.ui,3.6.1.M20100826-1330,"org.eclipse.ui.edit.cut",1329429229688
executed,command,org.eclipse.ui,3.6.1.M20100826-1330,"org.eclipse.ui.file.save",1329429247305
deactivated,workbench,org.eclipse.ui.workbench,3.6.1.M20100826-1330,"",1329429247681
activated,workbench,org.eclipse.ui.workbench,3.6.1.M20100826-1330,"",1329429252782
deactivated,workbench,org.eclipse.ui.workbench,3.6.1.M20100826-1330,"",1329429254034
activated,workbench,org.eclipse.ui.workbench,3.6.1.M20100826-1330,"",1329429296715
executed,command,org.eclipse.ui.workbench.texteditor,3.6.1.r361_v20100714-0800,"org.eclipse.ui.edit.text.select.lineStart",1329429346266
executed,command,org.eclipse.ui,3.6.1.M20100826-1330,"org.eclipse.ui.file.save",1329429350307
executed,command,org.eclipse.ui.workbench.texteditor,3.6.1.r361_v20100714-0800,"org.eclipse.ui.edit.text.goto.lineEnd",1329429385655
executed,command,org.eclipse.ui,3.6.1.M20100826-1330,"org.eclipse.ui.edit.cut",1329429396930
executed,command,org.eclipse.ui,3.6.1.M20100826-1330,"org.eclipse.ui.edit.paste",1329429398101
executed,command,org.eclipse.ui.workbench.texteditor,3.6.1.r361_v20100714-0800,"org.eclipse.ui.edit.text.goto.lineEnd",1329429400133
executed,command,org.eclipse.ui,3.6.1.M20100826-1330,"org.eclipse.ui.file.save",1329429407676
executed,command,org.eclipse.ui,3.6.1.M20100826-1330,"org.eclipse.ui.file.save",1329429419666
executed,command,org.eclipse.ui,3.6.1.M20100826-1330,"org.eclipse.ui.file.save",1329429438655
deactivated,workbench,org.eclipse.ui.workbench,3.6.1.M20100826-1330,"",1329429439678
activated,workbench,org.eclipse.ui.workbench,3.6.1.M20100826-1330,"",1329429440838
deactivated,workbench,org.eclipse.ui.workbench,3.6.1.M20100826-1330,"",1329429447046
activated,workbench,org.eclipse.ui.workbench,3.6.1.M20100826-1330,"",1329429448039
deactivated,workbench,org.eclipse.ui.workbench,3.6.1.M20100826-1330,"",1329429449986
activated,workbench,org.eclipse.ui.workbench,3.6.1.M20100826-1330,"",1329429460266
deactivated,workbench,org.eclipse.ui.workbench,3.6.1.M20100826-1330,"",1329429461243
activated,workbench,org.eclipse.ui.workbench,3.6.1.M20100826-1330,"",1329429480397
deactivated,workbench,org.eclipse.ui.workbench,3.6.1.M20100826-1330,"",1329429481637
activated,workbench,org.eclipse.ui.workbench,3.6.1.M20100826-1330,"",1329429546603
activated,view,org.eclipse.ui.navigator.resources,3.4.201.M20100707-0800,"org.eclipse.ui.navigator.ProjectExplorer",1329429548502
started,bundle,org.eclipse.compare,3.5.100.I20100526-0800,"org.eclipse.compare",1329429548679
opened,view,org.eclipse.ui.console,3.5.0.v20100526,"org.eclipse.ui.console.ConsoleView",1329429551594
deactivated,workbench,org.eclipse.ui.workbench,3.6.1.M20100826-1330,"",1329429551724
started,bundle,org.eclipse.cdt.dsf.gdb.ui,2.1.0.201009141542,"org.eclipse.cdt.dsf.gdb.ui",1329429551917
started,bundle,org.eclipse.debug.ui,3.6.1.v20100901_r361,"org.eclipse.debug.ui",1329429552050
activated,workbench,org.eclipse.ui.workbench,3.6.1.M20100826-1330,"",1329429559712
started,bundle,org.eclipse.cdt.debug.core,7.0.0.201009141542,"org.eclipse.cdt.debug.core",1329429582873
started,bundle,org.eclipse.cdt.debug.ui,7.0.0.201009141542,"org.eclipse.cdt.debug.ui",1329429582880
activated,editor,org.eclipse.cdt.ui,5.2.1.201009141542,"org.eclipse.cdt.ui.editor.CEditor",1329429582881
executed,command,org.eclipse.ui,3.6.1.M20100826-1330,"org.eclipse.ui.file.save",1329429586836
started,bundle,org.eclipse.cdt.launch,6.1.0.201009141542,"org.eclipse.cdt.launch",1329429598673
started,bundle,org.eclipse.cdt.dsf,2.1.0.201009141542,"org.eclipse.cdt.dsf",1329429600601
started,bundle,org.eclipse.cdt.dsf.gdb,3.0.0.201009141542,"org.eclipse.cdt.dsf.gdb",1329429600602
error,log,,,"The system console model is invalid. Cannot launch.",1329429606043
deactivated,workbench,org.eclipse.ui.workbench,3.6.1.M20100826-1330,"",1329429606136
activated,workbench,org.eclipse.ui.workbench,3.6.1.M20100826-1330,"",1329429607948
